Metric,Value
Accuracy,0.8600639596860161
Precision,0.8724422864928918
Recall,0.8600639596860161
F1,0.8635431288183977
