Metric,Value
Accuracy,0.8571567012307394
Precision,0.8691170304967226
Recall,0.8571567012307394
F1,0.8600868297740082
