Metric,Value
Accuracy,0.8631165810640566
Precision,0.8718351520947483
Recall,0.8631165810640566
F1,0.8650568375393748
