Metric,Value
Accuracy,0.8761023354976257
Precision,0.8791687221728898
Recall,0.8761023354976257
F1,0.8761021333145121
