Metric,Value
Accuracy,0.8806085861033046
Precision,0.8831255039433692
Recall,0.8806085861033046
F1,0.8800127641076552
