Metric,Value
Accuracy,0.8782827793390833
Precision,0.8855053240482296
Recall,0.8782827793390833
F1,0.8779430149161251
