Metric,Value
Accuracy,0.8996995832929547
Precision,0.9051832261461321
Recall,0.8996995832929547
F1,0.9004659727240971
