Metric,Value
Accuracy,0.8975675937590852
Precision,0.903928879644474
Recall,0.8975675937590852
F1,0.898493154244617
