Metric,Value
Accuracy,0.8963562360693865
Precision,0.9023686234595493
Recall,0.8963562360693865
F1,0.8970918418682289
