Model,Accuracy,Precision,Recall,F1
efficientnet_b0_v1,0.8631165810640566,0.8718351520947483,0.8631165810640566,0.8650568375393748
efficientnet_b3_v1,0.8230448686888264,0.8336914870598555,0.8230448686888264,0.8238391276963942
resnet18_v1,0.8230448686888264,0.8477303066366929,0.8230448686888264,0.829590783629879
resnet_attention_v1,0.9775172012791936,0.977788527456702,0.9775172012791936,0.9775176353219992
