Metric,Value
Accuracy,0.8230448686888264
Precision,0.8477303066366929
Recall,0.8230448686888264
F1,0.829590783629879
