Metric,Value
Accuracy,0.8271150305262138
Precision,0.8468739094335592
Recall,0.8271150305262138
F1,0.8316336152860762
