Metric,Value
Accuracy,0.8249345866847563
Precision,0.8405474994380592
Recall,0.8249345866847563
F1,0.826314022272199
