Metric,Value
Accuracy,0.8254675840682236
Precision,0.83518316664288
Recall,0.8254675840682236
F1,0.8261848629186512
