Metric,Value
Accuracy,0.8230448686888264
Precision,0.8336914870598555
Recall,0.8230448686888264
F1,0.8238391276963942
