Metric,Value
Accuracy,0.8144200019381723
Precision,0.8254282468431594
Recall,0.8144200019381723
F1,0.8147640562309373
