Metric,Value
Accuracy,0.989533869561004
Precision,0.9895822994430256
Recall,0.989533869561004
F1,0.9895312581302464
