Metric,Value
Accuracy,0.9793584649675356
Precision,0.9794859591112602
Recall,0.9793584649675356
F1,0.9793551491348537
