Metric,Value
Accuracy,0.9775172012791937
Precision,0.9777885274567021
Recall,0.9775172012791937
F1,0.9775176353219993
