{
  "best_trial": 6,
  "best_f1_score": 0.9907960898213644,
  "best_params": {
    "learning_rate": 1.1529924570330218e-05,
    "weight_decay": 0.005167425813322415,
    "batch_size": 32,
    "freeze_backbone": false,
    "dropout_rate": 0.44045466860674276,
    "add_hidden_layer": true,
    "hidden_layer_size": 512,
    "activation": "silu",
    "rotation_degrees": 45,
    "brightness_factor": 0.08502100380913101,
    "contrast_factor": 0.1795824130909342,
    "saturation_factor": 0.2693432679819889,
    "random_erase_prob": 0.22223058532626133,
    "mixup_alpha": 0.348507870497634,
    "optimizer": "RMSprop",
    "momentum": 0.7291020552112627,
    "alpha": 0.9780365086722094,
    "use_scheduler": true,
    "scheduler_type": "cosine",
    "normalization": "instance",
    "loss_function": "focal",
    "focal_gamma": 0.6617402320853394
  },
  "completed_trials": 30,
  "datetime": "2025-03-06T06:42:28.234845",
  "study_name": "efficientnet_b0_optuna_20250305_232525_optuna_study",
  "pruner": "MedianPruner(percentile=75%)",
  "n_trials": 30
}